{"WEATHER_DELAY":{"0-60":607.7741935484,"61-120":1476.625,"121-180":1471.25,"181-240":1343.1,"241-300":1353.5384615385,"301-360":1236.375,"361-420":null,"421-480":1457.6666666667,"481-540":1464.0,"541-600":null,"601-660":1512.65,"661-720":1633.3636363636,"721-780":null,"781-840":1808.0769230769,"841-900":1678.8333333333,"901-960":1274.5769230769,"961-1020":null,"1021-1080":null,"1081-1140":null,"1141-1200":null,"1201-1260":null,"1261-1320":1745.3333333333},"LENGTH_OF_THUNDERSTORM":{"0-60":23.568914956,"61-120":90.3055555556,"121-180":158.5,"181-240":195.6,"241-300":252.0,"301-360":331.0,"361-420":null,"421-480":458.0,"481-540":531.0,"541-600":null,"601-660":649.4,"661-720":707.1818181818,"721-780":null,"781-840":819.0,"841-900":893.0,"901-960":943.3076923077,"961-1020":null,"1021-1080":null,"1081-1140":null,"1141-1200":null,"1201-1260":null,"1261-1320":1302.0}}